{
  "dishes": [
    {
      "id": "c0eb",
      "name": "Responsive",
      "description": "jaja",
      "type": "Algo",
      "preparation": "ss"
    },
    {
      "id": "7fb8",
      "name": "muchas",
      "description": "smuchas",
      "type": "Algo",
      "preparation": "muchas"
    },
    {
      "id": "9a77",
      "name": "saac",
      "description": "s",
      "type": "Algo",
      "preparation": "s"
    },
    {
      "name": "Palermo",
      "description": "ds",
      "type": "Algo",
      "preparation": "s",
      "id": "c420"
    }
  ]
}